{"cameraMode":{"drawMode":0,"name":"Shaded","section":"Shading Mode"},"sceneLighting":false,"audioPlay":false,"sceneViewState":{"showFog":true,"showMaterialUpdate":false,"showSkybox":true,"showFlares":true,"showImageEffects":true,"showParticleSystems":true},"in2DMode":false,"pivot":{"x":0.0,"y":0.01231359876692295,"z":0.0020641107112169267},"rotation":{"x":-0.028767555952072145,"y":0.0512537844479084,"z":-0.0014777961187064648,"w":-0.9982702136039734},"size":0.13378103077411652,"orthographic":false}