{"cameraMode":{"drawMode":0,"name":"Shaded","section":"Shading Mode"},"sceneLighting":false,"audioPlay":false,"sceneViewState":{"showFog":true,"showMaterialUpdate":false,"showSkybox":true,"showFlares":true,"showImageEffects":true,"showParticleSystems":true},"in2DMode":false,"pivot":{"x":0.2200000286102295,"y":-22.443042755126954,"z":56.08898162841797},"rotation":{"x":-0.13192224502563477,"y":0.005052665248513222,"z":-0.0006726516876369715,"w":-0.9912469387054443},"size":22.91750717163086,"orthographic":false}